-- 1 - Customer
USE brendasmek;
insert into Customer (ID, FirstName, LastName, Email, Phone) values (1, 'Chane', 'O''Crotty', 'ChaneO''Crotty@college.edu', '271-604-5844');
insert into Customer (ID, FirstName, LastName, Email, Phone) values (2, 'Lamond', 'Hegley', 'LamondHegley@college.edu', '497-294-4557');
insert into Customer (ID, FirstName, LastName, Email, Phone) values (3, 'Thornie', 'Binford', 'ThornieBinford@college.edu', '462-232-5344');
insert into Customer (ID, FirstName, LastName, Email, Phone) values (4, 'Floris', 'Coytes', 'FlorisCoytes@college.edu', '962-415-2202');
insert into Customer (ID, FirstName, LastName, Email, Phone) values (5, 'Lexy', 'Vost', 'LexyVost@college.edu', '339-975-3734');
insert into Customer (ID, FirstName, LastName, Email, Phone) values (6, 'Lenna', 'McGiffie', 'LennaMcGiffie@college.edu', '115-803-0653');
insert into Customer (ID, FirstName, LastName, Email, Phone) values (7, 'Norbie', 'Morse', 'NorbieMorse@college.edu', '272-750-1167');
insert into Customer (ID, FirstName, LastName, Email, Phone) values (8, 'Lamont', 'Isard', 'LamontIsard@college.edu', '968-664-1594');
insert into Customer (ID, FirstName, LastName, Email, Phone) values (9, 'Abbey', 'Bouldon', 'AbbeyBouldon@college.edu', '789-201-4157');
insert into Customer (ID, FirstName, LastName, Email, Phone) values (10, 'Odie', 'Dermott', 'OdieDermott@college.edu', '322-237-2473');
insert into Customer (ID, FirstName, LastName, Email, Phone) values (11, 'Tersina', 'Pirdy', 'TersinaPirdy@college.edu', '161-265-2399');
insert into Customer (ID, FirstName, LastName, Email, Phone) values (12, 'Brady', 'Stern', 'BradyStern@college.edu', '256-833-5553');
insert into Customer (ID, FirstName, LastName, Email, Phone) values (13, 'Ilka', 'Hornbuckle', 'IlkaHornbuckle@college.edu', '399-526-4641');
insert into Customer (ID, FirstName, LastName, Email, Phone) values (14, 'Elia', 'Tunnicliffe', 'EliaTunnicliffe@college.edu', '827-666-9005');
insert into Customer (ID, FirstName, LastName, Email, Phone) values (15, 'Hamish', 'Scholefield', 'HamishScholefield@college.edu', '245-339-1234');
insert into Customer (ID, FirstName, LastName, Email, Phone) values (16, 'Nydia', 'Pinches', 'NydiaPinches@college.edu', '711-368-7259');
insert into Customer (ID, FirstName, LastName, Email, Phone) values (17, 'Dru', 'Wessel', 'DruWessel@college.edu', '861-280-3419');
insert into Customer (ID, FirstName, LastName, Email, Phone) values (18, 'Eliot', 'Wills', 'EliotWills@college.edu', '466-929-2213');
insert into Customer (ID, FirstName, LastName, Email, Phone) values (19, 'Minnaminnie', 'Simeoni', 'MinnaminnieSimeoni@college.edu', '169-177-4639');
insert into Customer (ID, FirstName, LastName, Email, Phone) values (20, 'Brier', 'Gamlyn', 'BrierGamlyn@college.edu', '495-595-2206');
insert into Customer (ID, FirstName, LastName, Email, Phone) values (21, 'Eleonora', 'Vigers', 'EleonoraVigers@college.edu', '915-560-1254');
insert into Customer (ID, FirstName, LastName, Email, Phone) values (22, 'Fonsie', 'Rosborough', 'FonsieRosborough@college.edu', '331-774-4595');
insert into Customer (ID, FirstName, LastName, Email, Phone) values (23, 'Rustin', 'Becconsall', 'RustinBecconsall@college.edu', '724-109-2016');
insert into Customer (ID, FirstName, LastName, Email, Phone) values (24, 'Orrin', 'Genge', 'OrrinGenge@college.edu', '712-371-4213');
insert into Customer (ID, FirstName, LastName, Email, Phone) values (25, 'Dolf', 'Children', 'DolfChildren@college.edu', '731-946-4987');
insert into Customer (ID, FirstName, LastName, Email, Phone) values (26, 'Essie', 'Blowing', 'EssieBlowing@college.edu', '498-756-3893');
insert into Customer (ID, FirstName, LastName, Email, Phone) values (27, 'Sukey', 'Weyland', 'SukeyWeyland@college.edu', '550-643-8208');
insert into Customer (ID, FirstName, LastName, Email, Phone) values (28, 'Nanice', 'Matias', 'NaniceMatias@college.edu', '912-149-3519');
insert into Customer (ID, FirstName, LastName, Email, Phone) values (29, 'Merla', 'Grigorini', 'MerlaGrigorini@college.edu', '858-576-5319');
insert into Customer (ID, FirstName, LastName, Email, Phone) values (30, 'Celine', 'Sandeford', 'CelineSandeford@college.edu', '310-708-2579');
insert into Customer (ID, FirstName, LastName, Email, Phone) values (31, 'Ferguson', 'Grocutt', 'FergusonGrocutt@college.edu', '961-786-5516');
insert into Customer (ID, FirstName, LastName, Email, Phone) values (32, 'Cindie', 'Brunone', 'CindieBrunone@college.edu', '185-231-0135');
insert into Customer (ID, FirstName, LastName, Email, Phone) values (33, 'Clint', 'Lightbowne', 'ClintLightbowne@college.edu', '695-962-0840');
insert into Customer (ID, FirstName, LastName, Email, Phone) values (34, 'Calvin', 'Osgerby', 'CalvinOsgerby@college.edu', '896-816-7027');
insert into Customer (ID, FirstName, LastName, Email, Phone) values (35, 'Alikee', 'Sprigin', 'AlikeeSprigin@college.edu', '877-173-6542');
insert into Customer (ID, FirstName, LastName, Email, Phone) values (36, 'Ursala', 'McDuffy', 'UrsalaMcDuffy@college.edu', '741-590-9910');
insert into Customer (ID, FirstName, LastName, Email, Phone) values (37, 'Ginni', 'Salvadore', 'GinniSalvadore@college.edu', '568-726-6060');
insert into Customer (ID, FirstName, LastName, Email, Phone) values (38, 'Salome', 'Oakwood', 'SalomeOakwood@college.edu', '324-470-0864');
insert into Customer (ID, FirstName, LastName, Email, Phone) values (39, 'Lalo', 'Rubinowitz', 'LaloRubinowitz@college.edu', '212-842-9872');
insert into Customer (ID, FirstName, LastName, Email, Phone) values (40, 'Onfre', 'McLucas', 'OnfreMcLucas@college.edu', '764-685-9339');
insert into Customer (ID, FirstName, LastName, Email, Phone) values (41, 'Wolfie', 'Ryves', 'WolfieRyves@college.edu', '363-874-4625');
insert into Customer (ID, FirstName, LastName, Email, Phone) values (42, 'Randa', 'Kivelle', 'RandaKivelle@college.edu', '269-336-2652');
insert into Customer (ID, FirstName, LastName, Email, Phone) values (43, 'Sheridan', 'Caulder', 'SheridanCaulder@college.edu', '955-174-5609');
insert into Customer (ID, FirstName, LastName, Email, Phone) values (44, 'Jodee', 'Veldman', 'JodeeVeldman@college.edu', '179-388-1687');
insert into Customer (ID, FirstName, LastName, Email, Phone) values (45, 'Zed', 'Juleff', 'ZedJuleff@college.edu', '491-448-3174');
insert into Customer (ID, FirstName, LastName, Email, Phone) values (46, 'Logan', 'Camerati', 'LoganCamerati@college.edu', '136-564-8942');
insert into Customer (ID, FirstName, LastName, Email, Phone) values (47, 'Cecilio', 'Stevings', 'CecilioStevings@college.edu', '877-521-9593');
insert into Customer (ID, FirstName, LastName, Email, Phone) values (48, 'Ines', 'Heyns', 'InesHeyns@college.edu', '867-297-1621');
insert into Customer (ID, FirstName, LastName, Email, Phone) values (49, 'Sunny', 'Gobel', 'SunnyGobel@college.edu', '193-196-6094');
insert into Customer (ID, FirstName, LastName, Email, Phone) values (50, 'Fergus', 'Bolland', 'FergusBolland@college.edu', '858-500-0422');
insert into Customer (ID, FirstName, LastName, Email, Phone) values (51, 'Bennie', 'Woollin', 'BennieWoollin@college.edu', '532-749-1500');
insert into Customer (ID, FirstName, LastName, Email, Phone) values (52, 'Alisander', 'Bramwell', 'AlisanderBramwell@college.edu', '389-646-8466');
insert into Customer (ID, FirstName, LastName, Email, Phone) values (53, 'Giffard', 'Wheal', 'GiffardWheal@college.edu', '278-210-3585');
insert into Customer (ID, FirstName, LastName, Email, Phone) values (54, 'Crin', 'Yockley', 'CrinYockley@college.edu', '369-880-1083');
insert into Customer (ID, FirstName, LastName, Email, Phone) values (55, 'Sayer', 'Gawler', 'SayerGawler@college.edu', '899-610-2385');
insert into Customer (ID, FirstName, LastName, Email, Phone) values (56, 'Merrick', 'Dowsett', 'MerrickDowsett@college.edu', '525-892-8156');
insert into Customer (ID, FirstName, LastName, Email, Phone) values (57, 'Alisander', 'Rodliff', 'AlisanderRodliff@college.edu', '321-709-3346');
insert into Customer (ID, FirstName, LastName, Email, Phone) values (58, 'Barbee', 'Jerrans', 'BarbeeJerrans@college.edu', '916-426-5504');
insert into Customer (ID, FirstName, LastName, Email, Phone) values (59, 'Ruttger', 'Clara', 'RuttgerClara@college.edu', '425-868-0244');
insert into Customer (ID, FirstName, LastName, Email, Phone) values (60, 'Sadye', 'Brymner', 'SadyeBrymner@college.edu', '889-839-8898');
insert into Customer (ID, FirstName, LastName, Email, Phone) values (61, 'Amalita', 'Noads', 'AmalitaNoads@college.edu', '956-612-1034');
insert into Customer (ID, FirstName, LastName, Email, Phone) values (62, 'Dinny', 'Vogele', 'DinnyVogele@college.edu', '427-927-2783');
insert into Customer (ID, FirstName, LastName, Email, Phone) values (63, 'Ira', 'Klausen', 'IraKlausen@college.edu', '191-431-2698');
insert into Customer (ID, FirstName, LastName, Email, Phone) values (64, 'Dorelle', 'MacCallester', 'DorelleMacCallester@college.edu', '576-334-1001');
insert into Customer (ID, FirstName, LastName, Email, Phone) values (65, 'Catina', 'Ilyinski', 'CatinaIlyinski@college.edu', '958-769-0711');
insert into Customer (ID, FirstName, LastName, Email, Phone) values (66, 'Bonnee', 'Sherr', 'BonneeSherr@college.edu', '893-145-4321');
insert into Customer (ID, FirstName, LastName, Email, Phone) values (67, 'Jackqueline', 'Fonso', 'JackquelineFonso@college.edu', '177-707-5176');
insert into Customer (ID, FirstName, LastName, Email, Phone) values (68, 'Kingsley', 'Giovanizio', 'KingsleyGiovanizio@college.edu', '581-277-2789');
insert into Customer (ID, FirstName, LastName, Email, Phone) values (69, 'Linoel', 'Belz', 'LinoelBelz@college.edu', '761-587-0322');
insert into Customer (ID, FirstName, LastName, Email, Phone) values (70, 'Foster', 'Fritzer', 'FosterFritzer@college.edu', '163-425-7582');
insert into Customer (ID, FirstName, LastName, Email, Phone) values (71, 'Inesita', 'Lugg', 'InesitaLugg@college.edu', '452-300-6789');
insert into Customer (ID, FirstName, LastName, Email, Phone) values (72, 'Gil', 'Tzar', 'GilTzar@college.edu', '406-649-5664');
insert into Customer (ID, FirstName, LastName, Email, Phone) values (73, 'Arri', 'Beneteau', 'ArriBeneteau@college.edu', '586-113-3186');
insert into Customer (ID, FirstName, LastName, Email, Phone) values (74, 'Mahmoud', 'Jubert', 'MahmoudJubert@college.edu', '299-443-8842');
insert into Customer (ID, FirstName, LastName, Email, Phone) values (75, 'Jaimie', 'Posselow', 'JaimiePosselow@college.edu', '188-554-4439');
insert into Customer (ID, FirstName, LastName, Email, Phone) values (76, 'Erhart', 'Slad', 'ErhartSlad@college.edu', '778-458-1111');
insert into Customer (ID, FirstName, LastName, Email, Phone) values (77, 'Travus', 'Rowntree', 'TravusRowntree@college.edu', '458-356-0406');
insert into Customer (ID, FirstName, LastName, Email, Phone) values (78, 'Nani', 'Borthram', 'NaniBorthram@college.edu', '305-726-6578');
insert into Customer (ID, FirstName, LastName, Email, Phone) values (79, 'Margeaux', 'Zimek', 'MargeauxZimek@college.edu', '748-748-5671');
insert into Customer (ID, FirstName, LastName, Email, Phone) values (80, 'Gibbie', 'Markwelley', 'GibbieMarkwelley@college.edu', '945-885-3559');
insert into Customer (ID, FirstName, LastName, Email, Phone) values (81, 'Sheila', 'Hawick', 'SheilaHawick@college.edu', '534-462-0046');
insert into Customer (ID, FirstName, LastName, Email, Phone) values (82, 'Chloe', 'Scardifield', 'ChloeScardifield@college.edu', '512-422-1558');
insert into Customer (ID, FirstName, LastName, Email, Phone) values (83, 'Andreas', 'Danielkiewicz', 'AndreasDanielkiewicz@college.edu', '209-716-0018');
insert into Customer (ID, FirstName, LastName, Email, Phone) values (84, 'Larissa', 'Pietraszek', 'LarissaPietraszek@college.edu', '201-133-6514');
insert into Customer (ID, FirstName, LastName, Email, Phone) values (85, 'Jamey', 'Zecchinelli', 'JameyZecchinelli@college.edu', '230-175-1255');
insert into Customer (ID, FirstName, LastName, Email, Phone) values (86, 'Sarina', 'Lorinez', 'SarinaLorinez@college.edu', '342-991-6543');
insert into Customer (ID, FirstName, LastName, Email, Phone) values (87, 'Cindra', 'Balding', 'CindraBalding@college.edu', '961-338-9815');
insert into Customer (ID, FirstName, LastName, Email, Phone) values (88, 'Isidore', 'Munnis', 'IsidoreMunnis@college.edu', '825-570-8410');
insert into Customer (ID, FirstName, LastName, Email, Phone) values (89, 'Valeria', 'Havik', 'ValeriaHavik@college.edu', '652-317-7956');
insert into Customer (ID, FirstName, LastName, Email, Phone) values (90, 'Fidelia', 'Nelissen', 'FideliaNelissen@college.edu', '574-636-1609');
insert into Customer (ID, FirstName, LastName, Email, Phone) values (91, 'Schuyler', 'Kobiera', 'SchuylerKobiera@college.edu', '437-733-2981');
insert into Customer (ID, FirstName, LastName, Email, Phone) values (92, 'Winifred', 'Gregorace', 'WinifredGregorace@college.edu', '374-901-3336');
insert into Customer (ID, FirstName, LastName, Email, Phone) values (93, 'Bonnibelle', 'Burehill', 'BonnibelleBurehill@college.edu', '669-209-8715');
insert into Customer (ID, FirstName, LastName, Email, Phone) values (94, 'Tito', 'Dinnage', 'TitoDinnage@college.edu', '516-232-5539');
insert into Customer (ID, FirstName, LastName, Email, Phone) values (95, 'Guss', 'Newlands', 'GussNewlands@college.edu', '774-300-6672');
insert into Customer (ID, FirstName, LastName, Email, Phone) values (96, 'Warren', 'Livett', 'WarrenLivett@college.edu', '203-218-5812');
insert into Customer (ID, FirstName, LastName, Email, Phone) values (97, 'Saundra', 'Sweetnam', 'SaundraSweetnam@college.edu', '105-611-7752');
insert into Customer (ID, FirstName, LastName, Email, Phone) values (98, 'Hester', 'Woolerton', 'HesterWoolerton@college.edu', '898-884-6532');
insert into Customer (ID, FirstName, LastName, Email, Phone) values (99, 'Denis', 'Ellerbeck', 'DenisEllerbeck@college.edu', '308-983-0197');
insert into Customer (ID, FirstName, LastName, Email, Phone) values (100, 'Bonnee', 'Mugford', 'BonneeMugford@college.edu', '525-519-2145');

-- 2 - Employee --------------------------------------------------------------------------------------------------------------------------------------------------
insert into Employee (ID, FirstName, LastName, Street, City, State, ZipCode, Country, Phone, BirthDate, SSN, Email) values (1, 'Brinna', 'Cornock', '484', 'Raleigh', 'NC', '27635', 'United States', '919-308-5420', '2017-05-05', '221473710', 'bcornock0@irs.gov');
insert into Employee (ID, FirstName, LastName, Street, City, State, ZipCode, Country, Phone, BirthDate, SSN, Email) values (2, 'Magnum', 'Feehely', '73', 'Fort Worth', 'TX', '76198', 'United States', '682-682-5989', '2016-11-27', '631569063', 'mfeehely1@hud.gov');
insert into Employee (ID, FirstName, LastName, Street, City, State, ZipCode, Country, Phone, BirthDate, SSN, Email) values (3, 'Hadley', 'Schuricke', '37872', 'Roanoke', 'VA', '24014', 'United States', '540-506-6218', '2017-01-31', '957787312', 'hschuricke2@bloglines.com');
insert into Employee (ID, FirstName, LastName, Street, City, State, ZipCode, Country, Phone, BirthDate, SSN, Email) values (4, 'Remy', 'Lilley', '8559', 'Lake Worth', 'FL', '33462', 'United States', '561-876-3178', '2017-08-08', '348479425', 'rlilley3@mapy.cz');
insert into Employee (ID, FirstName, LastName, Street, City, State, ZipCode, Country, Phone, BirthDate, SSN, Email) values (5, 'Hettie', 'Wiltshaw', '09358', 'Missoula', 'MT', '59806', 'United States', '406-183-8372', '2017-01-19', '139216456', 'hwiltshaw4@discovery.com');
insert into Employee (ID, FirstName, LastName, Street, City, State, ZipCode, Country, Phone, BirthDate, SSN, Email) values (6, 'Amabelle', 'McArt', '31', 'Tacoma', 'WA', '98417', 'United States', '253-142-5869', '2017-02-18', '984844018', 'amcart5@feedburner.com');
insert into Employee (ID, FirstName, LastName, Street, City, State, ZipCode, Country, Phone, BirthDate, SSN, Email) values (7, 'Kalvin', 'Barenskie', '349', 'Minneapolis', 'MN', '55470', 'United States', '612-939-0757', '2017-04-06', '713122528', 'kbarenskie6@eventbrite.com');
insert into Employee (ID, FirstName, LastName, Street, City, State, ZipCode, Country, Phone, BirthDate, SSN, Email) values (8, 'Gardner', 'Burger', '08558', 'Seattle', 'WA', '98158', 'United States', '360-266-5418', '2016-11-25', '232232991', 'gburger7@bravesites.com');
insert into Employee (ID, FirstName, LastName, Street, City, State, ZipCode, Country, Phone, BirthDate, SSN, Email) values (9, 'Frieda', 'Vankov', '40740', 'Saint Paul', 'MN', '55172', 'United States', '651-823-2349', '2017-02-12', '433277198', 'fvankov8@moonfruit.com');
insert into Employee (ID, FirstName, LastName, Street, City, State, ZipCode, Country, Phone, BirthDate, SSN, Email) values (10, 'Alma', 'Stear', '46871', 'Baton Rouge', 'LA', '70815', 'United States', '225-284-8400', '2016-12-28', '734829633', 'astear9@guardian.co.uk');
insert into Employee (ID, FirstName, LastName, Street, City, State, ZipCode, Country, Phone, BirthDate, SSN, Email) values (11, 'Wait', 'Tunna', '98263', 'Louisville', 'KY', '40298', 'United States', '502-196-1320', '2017-06-19', '959483168', 'wtunnaa@bloglines.com');
insert into Employee (ID, FirstName, LastName, Street, City, State, ZipCode, Country, Phone, BirthDate, SSN, Email) values (12, 'Erika', 'Trayte', '0849', 'Miami', 'FL', '33233', 'United States', '786-130-0104', '2017-10-30', '491189278', 'etrayteb@squidoo.com');
insert into Employee (ID, FirstName, LastName, Street, City, State, ZipCode, Country, Phone, BirthDate, SSN, Email) values (13, 'Spense', 'Ledgley', '0929', 'Orlando', 'FL', '32819', 'United States', '407-653-2440', '2017-11-05', '771077096', 'sledgleyc@apache.org');
insert into Employee (ID, FirstName, LastName, Street, City, State, ZipCode, Country, Phone, BirthDate, SSN, Email) values (14, 'Gretchen', 'Gwyllt', '6402', 'Raleigh', 'NC', '27626', 'United States', '919-774-5886', '2017-07-08', '518246214', 'ggwylltd@scientificamerican.com');
insert into Employee (ID, FirstName, LastName, Street, City, State, ZipCode, Country, Phone, BirthDate, SSN, Email) values (15, 'Lindsy', 'Fennell', '751', 'Des Moines', 'IA', '50335', 'United States', '515-895-0014', '2016-12-29', '211074256', 'lfennelle@skype.com');
insert into Employee (ID, FirstName, LastName, Street, City, State, ZipCode, Country, Phone, BirthDate, SSN, Email) values (16, 'Jade', 'Dymott', '027', 'Green Bay', 'WI', '54313', 'United States', '920-475-4630', '2017-11-04', '248016564', 'jdymottf@dmoz.org');
insert into Employee (ID, FirstName, LastName, Street, City, State, ZipCode, Country, Phone, BirthDate, SSN, Email) values (17, 'Bernardo', 'Weitzel', '52', 'Providence', 'RI', '02912', 'United States', '401-830-8140', '2017-09-18', '955503356', 'bweitzelg@ox.ac.uk');
insert into Employee (ID, FirstName, LastName, Street, City, State, ZipCode, Country, Phone, BirthDate, SSN, Email) values (18, 'Inglis', 'Skey', '8', 'Huntington Beach', 'CA', '92648', 'United States', '562-109-8282', '2017-08-17', '839434324', 'iskeyh@cbc.ca');
insert into Employee (ID, FirstName, LastName, Street, City, State, ZipCode, Country, Phone, BirthDate, SSN, Email) values (19, 'Sherri', 'Peiro', '009', 'San Diego', 'CA', '92105', 'United States', '619-307-6597', '2017-06-16', '878175044', 'speiroi@desdev.cn');
insert into Employee (ID, FirstName, LastName, Street, City, State, ZipCode, Country, Phone, BirthDate, SSN, Email) values (20, 'Ernie', 'Rosensaft', '26', 'Charlotte', 'NC', '28230', 'United States', '704-398-3649', '2017-02-09', '763309038', 'erosensaftj@bluehost.com');
insert into Employee (ID, FirstName, LastName, Street, City, State, ZipCode, Country, Phone, BirthDate, SSN, Email) values (21, 'Jacklin', 'Dummer', '5323', 'Oklahoma City', 'OK', '73190', 'United States', '405-155-0523', '2017-02-04', '122601408', 'jdummerk@people.com.cn');
insert into Employee (ID, FirstName, LastName, Street, City, State, ZipCode, Country, Phone, BirthDate, SSN, Email) values (22, 'Carolyne', 'Yurenin', '52', 'Springfield', 'MO', '65810', 'United States', '417-704-5037', '2017-05-25', '533010284', 'cyureninl@booking.com');
insert into Employee (ID, FirstName, LastName, Street, City, State, ZipCode, Country, Phone, BirthDate, SSN, Email) values (23, 'Tate', 'Houtbie', '733', 'Fort Myers', 'FL', '33994', 'United States', '239-384-3885', '2017-05-23', '782236337', 'thoutbiem@omniture.com');
insert into Employee (ID, FirstName, LastName, Street, City, State, ZipCode, Country, Phone, BirthDate, SSN, Email) values (24, 'Glynda', 'Boase', '90', 'Detroit', 'MI', '48242', 'United States', '313-487-6437', '2016-11-30', '334836152', 'gboasen@slate.com');
insert into Employee (ID, FirstName, LastName, Street, City, State, ZipCode, Country, Phone, BirthDate, SSN, Email) values (25, 'Nicolais', 'Ambrogini', '5', 'San Francisco', 'CA', '94159', 'United States', '415-361-7378', '2017-05-24', '003118339', 'nambroginio@joomla.org');
insert into Employee (ID, FirstName, LastName, Street, City, State, ZipCode, Country, Phone, BirthDate, SSN, Email) values (26, 'Suzann', 'Mee', '26902', 'Anchorage', 'AK', '99599', 'United States', '907-433-9324', '2017-09-05', '787461419', 'smeep@cloudflare.com');
insert into Employee (ID, FirstName, LastName, Street, City, State, ZipCode, Country, Phone, BirthDate, SSN, Email) values (27, 'Mikol', 'Slite', '22', 'Newark', 'NJ', '07104', 'United States', '973-761-2623', '2017-03-23', '766819509', 'msliteq@cargocollective.com');
insert into Employee (ID, FirstName, LastName, Street, City, State, ZipCode, Country, Phone, BirthDate, SSN, Email) values (28, 'Lilllie', 'Chinn', '05', 'El Paso', 'TX', '79923', 'United States', '915-718-1523', '2017-10-30', '863227794', 'lchinnr@npr.org');
insert into Employee (ID, FirstName, LastName, Street, City, State, ZipCode, Country, Phone, BirthDate, SSN, Email) values (29, 'Konstantine', 'Sapwell', '8654', 'Bethlehem', 'PA', '18018', 'United States', '484-962-9004', '2017-01-16', '500233090', 'ksapwells@ox.ac.uk');
insert into Employee (ID, FirstName, LastName, Street, City, State, ZipCode, Country, Phone, BirthDate, SSN, Email) values (30, 'Haley', 'Riccardelli', '02727', 'Fullerton', 'CA', '92640', 'United States', '559-811-5276', '2017-08-10', '512115513', 'hriccardellit@bbc.co.uk');

-- 3 - Sale ---------------------------------------------------------------------------------------------------------------------------------------------------------------------------------------------------------------------------------------------------------------------------------
INSERT INTO Sale (ID, CustomerID, EmployeeID, Date)
VALUES (1, 3, 5, '2017-11-01');
INSERT INTO Sale (ID, CustomerID, EmployeeID, Date)
VALUES (2, 5, 5, '2017-08-22');
INSERT INTO Sale (ID, CustomerID, EmployeeID, Date)
VALUES (3,97, 19, '2017-09-05');
INSERT INTO Sale (ID, CustomerID, EmployeeID, Date)
VALUES (4, 6, 13, '2017-01-11');
INSERT INTO Sale (ID, CustomerID, EmployeeID, Date)
VALUES (5, 66, 14, '2017-11-23');
INSERT INTO Sale (ID, CustomerID, EmployeeID, Date)
VALUES (6, 34, 1, '2017-03-01');
INSERT INTO Sale (ID, CustomerID, EmployeeID, Date)
VALUES (7, 58, 18, '2017-06-19');
INSERT INTO Sale (ID, CustomerID, EmployeeID, Date)
VALUES (8, 23, 9, '2017-04-17');
INSERT INTO Sale (ID, CustomerID, EmployeeID, Date)
VALUES (9, 16, 6, '2017-11-01');
INSERT INTO Sale (ID, CustomerID, EmployeeID, Date)
VALUES (10, 4, 12, '2017-11-15');
INSERT INTO Sale (ID, CustomerID, EmployeeID, Date)
VALUES (11, 5, 5, '2017-08-22');

-- 4 - Vendor ---------------------------------------------------------------------------------------------------------------------------------------
insert into Vendor (ID, FirstName, LastName, VendorType, Street, ZipCode, Phone) values (1, 'Nicholle', 'Anshell', 'Jaxspan', '420 Old Shore Street', '79403', '829-442-5825');
insert into Vendor (ID, FirstName, LastName, VendorType, Street, ZipCode, Phone) values (2, 'Estevan', 'Glyne', 'Centidel', '10 Cottonwood Hill', '99927', '286-247-3722');
insert into Vendor (ID, FirstName, LastName, VendorType, Street, ZipCode, Phone) values (3, 'Ericha', 'Ellins', 'Skiptube', '284 Rutledge Alley', '95799', '236-458-5557');
insert into Vendor (ID, FirstName, LastName, VendorType, Street, ZipCode, Phone) values (4, 'Felice', 'Rainard', 'Babblestorm', '227 Kinsman Place', '74131', '307-594-9631');
insert into Vendor (ID, FirstName, LastName, VendorType, Street, ZipCode, Phone) values (5, 'Creigh', 'Rizzardi', 'Wikizz', '76064 Continental Road', '94022', '934-562-2381');
insert into Vendor (ID, FirstName, LastName, VendorType, Street, ZipCode, Phone) values (6, 'Penny', 'Cabral', 'Jaloo', '44987 Brown Plaza', '89444', '807-282-5956');
insert into Vendor (ID, FirstName, LastName, VendorType, Street, ZipCode, Phone) values (7, 'Marty', 'O''Corrin', 'Yakitri', '98 Thompson Point', '44413', '509-144-7214');
insert into Vendor (ID, FirstName, LastName, VendorType, Street, ZipCode, Phone) values (8, 'Luce', 'Delion', 'Kare', '25704 Park Meadow Avenue', '25616', '894-395-5104');
insert into Vendor (ID, FirstName, LastName, VendorType, Street, ZipCode, Phone) values (9, 'Jemmy', 'Bartoszek', 'Skyba', '98 Jenifer Avenue', '54375', '829-736-6656');
insert into Vendor (ID, FirstName, LastName, VendorType, Street, ZipCode, Phone) values (10, 'Philippine', 'Rizzardini', 'Ailane', '3 Hermina Pass', '97816', '448-578-1231');

-- 5 - Orders ------------------------------------------------------------------------------------------------------------------------------------------------------------------------------------
INSERT INTO Orders (ID, EmployeeID, VendorID, OrderDate)
VALUES (1, 29, 2, '2017-03-16');
INSERT INTO Orders (ID, EmployeeID, VendorID, OrderDate)
VALUES (2, 18, 5, '2017-08-13');
INSERT INTO Orders (ID, EmployeeID, VendorID, OrderDate)
VALUES (3, 6, 6, '2017-10-25');
INSERT INTO Orders (ID, EmployeeID, VendorID, OrderDate)
VALUES (4, 3, 9, '2017-11-30');
INSERT INTO Orders (ID, EmployeeID, VendorID, OrderDate)
VALUES (5, 9, 4, '2017-06-16');
INSERT INTO Orders (ID, EmployeeID, VendorID, OrderDate)
VALUES (6, 25, 1, '2017-08-22');
INSERT INTO Orders (ID, EmployeeID, VendorID, OrderDate)
VALUES (7, 10, 3, '2017-10-14');
INSERT INTO Orders (ID, EmployeeID, VendorID, OrderDate)
VALUES (8, 14, 10, '2017-07-16');
INSERT INTO Orders (ID, EmployeeID, VendorID, OrderDate)
VALUES (9, 22, 7, '2017-01-11');
INSERT INTO Orders (ID, EmployeeID, VendorID, OrderDate)
VALUES (10, 17, 8, '2017-02-19'); 

-- 6 - Shop ---------------------------------------------------------------------------------------------------------------------------------------
insert into Shop (ID, Address, ZipCode, Country, Phone) values (1, '541 Dottie Park', '75333', 'US', '937-804-7745');
insert into Shop (ID, Address, ZipCode, Country, Phone) values (2, '00 Vernon Park', '27027', 'US', '214-542-8504');
insert into Shop (ID, Address, ZipCode, Country, Phone) values (3, '8020 Atwood Parkway', '43612', 'US', '304-978-3141');
insert into Shop (ID, Address, ZipCode, Country, Phone) values (4, '2864 Lakewood Alley', '59103', 'US', '412-413-0069');
insert into Shop (ID, Address, ZipCode, Country, Phone) values (5, '83 Muir Trail', '50705', 'US', '323-730-2531');
insert into Shop (ID, Address, ZipCode, Country, Phone) values (6, '7566 Grasskamp Court', '76173', 'US', '513-577-6430');
insert into Shop (ID, Address, ZipCode, Country, Phone) values (7, '22268 Springview Alley', '56970', 'US', '415-208-6244');
insert into Shop (ID, Address, ZipCode, Country, Phone) values (8, '6295 Carioca Pass', '44817', 'US', '816-129-5943');
insert into Shop (ID, Address, ZipCode, Country, Phone) values (9, '17 Fallview Trail', '56208', 'US', '336-719-8355');
insert into Shop (ID, Address, ZipCode, Country, Phone) values (10, '68049 Schiller Park', '89061', 'US', '754-715-6845');

-- 7 - Recipe -------------------------------------------------------------------------------------------------------------------------------------------
INSERT INTO Recipe (ID, Name)
VALUES (1, 'Apple Pie');
INSERT INTO Recipe (ID, Name)
VALUES (2, 'Chocolate Chip Cookies');
INSERT INTO Recipe (ID, Name)
VALUES (3, 'Cherry Pie');
INSERT INTO Recipe (ID, Name)
VALUES (4, 'Fudge Brownies');
INSERT INTO Recipe (ID, Name)
VALUES (5, 'Sugar Cookies');
INSERT INTO Recipe (ID, Name)
VALUES (6, 'Marble Cake');
INSERT INTO Recipe (ID, Name)
VALUES (7, 'Coconut Cream Pie');
INSERT INTO Recipe (ID, Name)
VALUES (8, 'Oatmeal Cookies');
INSERT INTO Recipe (ID, Name)
VALUES (9, 'Red Velvet Cupcakes');
INSERT INTO Recipe (ID, Name)
VALUES (10, 'Pumpkin Cookies'); 

-- 8 - Product -------------------------------------------------------------------------------------------------------------------------------------------
INSERT INTO Product (ID, RecipeID, Name)
VALUES (1, 5, 'Cookie Dough');
INSERT INTO Product (ID, RecipeID, Name)
VALUES (2, 8, 'Salted Raisins');
INSERT INTO Product (ID, RecipeID, Name)
VALUES (3, 6, 'Vanilla Frosting');
INSERT INTO Product (ID, RecipeID, Name)
VALUES (4, 1, 'Seasoned Apples');
INSERT INTO Product (ID, RecipeID, Name)
VALUES (5, 4, 'Chocolate Fudge');
INSERT INTO Product (ID, RecipeID, Name)
VALUES (6, 10, 'Pumpkin Filling');
INSERT INTO Product (ID, RecipeID, Name)
VALUES (7, 2, 'Chocolate Chips');
INSERT INTO Product (ID, RecipeID, Name)
VALUES (8, 7, 'Coconut Cream');
INSERT INTO Product (ID, RecipeID, Name)
VALUES (9, 3, 'Cherries');
INSERT INTO Product (ID, RecipeID, Name)
VALUES (10, 9, 'Cream Cheese Frosting');

-- 9 - SaleLineItem --------------------------------------------------------------------------------------------------------------------------------------------
INSERT INTO SaleLineItem (ID, SaleID, ProductID, Quantity, UnitOfMeasure, Price)
VALUES (1, 3, 2, 10, 'Pounds', 40.00);
INSERT INTO SaleLineItem (ID, SaleID, ProductID, Quantity, UnitOfMeasure, Price)
VALUES (2, 5, 6, 10, 'Pounds', 50.00);
INSERT INTO SaleLineItem (ID, SaleID, ProductID, Quantity, UnitOfMeasure, Price)
VALUES (3, 7, 10, 20, 'Tons', 1000.00);
INSERT INTO SaleLineItem (ID, SaleID, ProductID, Quantity, UnitOfMeasure, Price)
VALUES (4, 10, 8, 30, 'Pounds', 100.00);
INSERT INTO SaleLineItem (ID, SaleID, ProductID, Quantity, UnitOfMeasure, Price)
VALUES (5, 8, 5, 15, 'Tons', 300.00);
INSERT INTO SaleLineItem (ID, SaleID, ProductID, Quantity, UnitOfMeasure, Price)
VALUES (6, 1, 9, 20, 'Pounds', 60.00);
INSERT INTO SaleLineItem (ID, SaleID, ProductID, Quantity, UnitOfMeasure, Price)
VALUES (7, 6, 1, 10, 'Pounds', 90.00);
INSERT INTO SaleLineItem (ID, SaleID, ProductID, Quantity, UnitOfMeasure, Price)
VALUES (8, 9, 4, 5, 'Pounds', 200.00);
INSERT INTO SaleLineItem (ID, SaleID, ProductID, Quantity, UnitOfMeasure, Price)
VALUES (9, 4, 3, 20, 'Tons', 1500.00);
INSERT INTO SaleLineItem (ID, SaleID, ProductID, Quantity, UnitOfMeasure, Price)
VALUES (10, 2, 7, 10, 'Pounds', 40.00);

-- 10 - Ingredient --------------------------------------------------------------------------------------------------------------------------------------------
INSERT INTO Ingredient (ID, Name, Quantity, UnitOfMeasure)
VALUES (1, 'All-Purpose Flour', 10, 'Pounds');
INSERT INTO Ingredient (ID, Name, Quantity, UnitOfMeasure)
VALUES (2, 'Milk', 20, 'Gallons');
INSERT INTO Ingredient (ID, Name, Quantity, UnitOfMeasure)
VALUES (3, 'Heavy Cream', 5, 'Pounds');
INSERT INTO Ingredient (ID, Name, Quantity, UnitOfMeasure)
VALUES (4, 'Whole Wheat Flour', 5, 'Pounds');
INSERT INTO Ingredient (ID, Name, Quantity, UnitOfMeasure)
VALUES (5, 'Salt', 3, 'Pounds');
INSERT INTO Ingredient (ID, Name, Quantity, UnitOfMeasure)
VALUES (6, 'Vanilla Extract', 2, 'Liters');
INSERT INTO Ingredient (ID, Name, Quantity, UnitOfMeasure)
VALUES (7, 'Whipped Cream', 2, 'Pounds'); 
INSERT INTO Ingredient (ID, Name, Quantity, UnitOfMeasure)
VALUES (8, 'Butter', 20, 'Pounds');
INSERT INTO Ingredient (ID, Name, Quantity, UnitOfMeasure)
VALUES (9, 'Eggs', 5, 'Pounds');
INSERT INTO Ingredient (ID, Name, Quantity, UnitOfMeasure)
VALUES (10, 'Honey', 1, 'Gallon');

-- 11 - OrderLineItem -------------------------------------------------------------------------------------------------------------------------------------------
INSERT INTO OrderLineItem (ID, OrderID, IngredientID, Quantity)
VALUES (1, 2, 5, 10);
INSERT INTO OrderLineItem (ID, OrderID, IngredientID, Quantity)
VALUES (2, 4, 10, 20);
INSERT INTO OrderLineItem (ID, OrderID, IngredientID, Quantity)
VALUES (3, 9, 2, 15);
INSERT INTO OrderLineItem (ID, OrderID, IngredientID, Quantity)
VALUES (4, 1, 4, 10);
INSERT INTO OrderLineItem (ID, OrderID, IngredientID, Quantity)
VALUES (5, 10, 1, 20);
INSERT INTO OrderLineItem (ID, OrderID, IngredientID, Quantity)
VALUES (6, 8, 7, 15);
INSERT INTO OrderLineItem (ID, OrderID, IngredientID, Quantity)
VALUES (7, 3, 3, 20);
INSERT INTO OrderLineItem (ID, OrderID, IngredientID, Quantity)
VALUES (8, 7, 6, 15);
INSERT INTO OrderLineItem (ID, OrderID, IngredientID, Quantity)
VALUES (9, 5, 8, 10);
INSERT INTO OrderLineItem (ID, OrderID, IngredientID, Quantity) 
VALUES (10, 6, 9, 10);

-- 12 - IngredientRecipe --------------------------------------------------------------------------------------------------------------------------------------------
INSERT INTO IngredientRecipe (ID, RecipeID, IngredientID, Quantity, UnitOfMeasure)
VALUES (1, 2, 5, 10, 'Pounds');
INSERT INTO IngredientRecipe (ID, RecipeID, IngredientID, Quantity, UnitOfMeasure)
VALUES (2, 1, 3, 20, 'Pounds');
INSERT INTO IngredientRecipe (ID, RecipeID, IngredientID, Quantity, UnitOfMeasure)
VALUES (3, 5, 2, 15, 'Pounds');
INSERT INTO IngredientRecipe (ID, RecipeID, IngredientID, Quantity, UnitOfMeasure)
VALUES (4, 3, 1, 10, 'Pounds');
INSERT INTO IngredientRecipe (ID, RecipeID, IngredientID, Quantity, UnitOfMeasure)
VALUES (5, 7, 4, 20, 'Pounds');
INSERT INTO IngredientRecipe (ID, RecipeID, IngredientID, Quantity, UnitOfMeasure)
VALUES (6, 8, 6, 10, 'Pounds');
INSERT INTO IngredientRecipe (ID, RecipeID, IngredientID, Quantity, UnitOfMeasure)
VALUES (7, 4, 7, 20, 'Pounds');
INSERT INTO IngredientRecipe (ID, RecipeID, IngredientID, Quantity, UnitOfMeasure)
VALUES (8, 6, 8, 15, 'Pounds');
INSERT INTO IngredientRecipe (ID, RecipeID, IngredientID, Quantity, UnitOfMeasure)
VALUES (9, 10, 9, 20, 'Pounds');
INSERT INTO IngredientRecipe (ID, RecipeID, IngredientID, Quantity, UnitOfMeasure)
VALUES (10, 9, 10, 20, 'Pounds');

-- 13 - EmployeeShop --------------------------------------------------------------------------------------------------------------------------------------------
INSERT INTO EmployeeShop (ID, ShopID, EmployeeID)
VALUES (1, 9, 13);
INSERT INTO EmployeeShop (ID, ShopID, EmployeeID)
VALUES (2, 2, 10);
INSERT INTO EmployeeShop (ID, ShopID, EmployeeID)
VALUES (3, 8, 19);
INSERT INTO EmployeeShop (ID, ShopID, EmployeeID)
VALUES (4, 5, 2);
INSERT INTO EmployeeShop (ID, ShopID, EmployeeID)
VALUES (5, 10, 7);
INSERT INTO EmployeeShop (ID, ShopID, EmployeeID)
VALUES (6, 1, 27);
INSERT INTO EmployeeShop (ID, ShopID, EmployeeID)
VALUES (7, 3, 1);
INSERT INTO EmployeeShop (ID, ShopID, EmployeeID)
VALUES (8, 4, 22);
INSERT INTO EmployeeShop (ID, ShopID, EmployeeID)
VALUES (9, 6, 14);
INSERT INTO EmployeeShop (ID, ShopID, EmployeeID)
VALUES (10, 7, 30);
